Width * Height,Kernel Size,Serial Speedup,Threads,Multithreaded Speedup,Clusters,Threads,Distributed Speedup,Shared Speedup,Task Pool Speedup
6204 * 4138,3,1.000000,2,1.750138,2,1,1.659834,1.387395,0.909593
6204 * 4138,3,1.000000,2,1.834097,2,1,1.784561,1.507688,0.882345
6204 * 4138,3,1.000000,2,1.832109,2,1,1.838038,1.460929,0.815669
6204 * 4138,3,1.000000,2,1.788630,2,1,1.815223,1.467133,0.881546
6204 * 4138,3,1.000000,2,1.809074,2,1,1.827015,1.461030,0.882398
6204 * 4138,5,1.000000,2,1.847900,2,1,1.889083,1.657027,0.944174
6204 * 4138,5,1.000000,2,1.838562,2,1,1.883964,1.707979,0.940200
8000 * 8000,3,1.000000,2,1.841725,2,1,1.747399,1.526126,0.908761
8000 * 8000,3,1.000000,2,1.879834,2,1,1.830397,1.562090,0.911497
8000 * 8000,3,1.000000,2,1.807999,2,1,1.762150,1.484347,0.881299
8000 * 8000,3,1.000000,2,1.800411,2,1,1.812871,1.505090,0.858882
8000 * 8000,3,1.000000,2,1.803896,2,1,1.770479,1.495167,0.888464
8000 * 8000,5,1.000000,2,1.808303,2,1,1.816938,1.702638,0.934956
8000 * 8000,5,1.000000,2,1.811553,2,1,1.838871,1.714789,0.914173
16800 * 12600,3,1.000000,2,1.865937,2,1,1.433750,1.509431,0.931239
16800 * 12600,3,1.000000,2,1.798638,2,1,1.730365,1.516874,0.884646
16800 * 12600,3,1.000000,2,1.781933,2,1,1.816110,1.506469,0.888897
16800 * 12600,3,1.000000,2,1.780486,2,1,1.825891,1.498604,0.901749
16800 * 12600,3,1.000000,2,1.803419,2,1,1.817003,1.522838,0.895640
16800 * 12600,5,1.000000,2,1.820570,2,1,1.832461,1.673287,0.931373
16800 * 12600,5,1.000000,2,1.831672,2,1,1.870324,1.709090,0.928003
6204 * 4138,3,1.000000,4,3.517370,2,2,2.780042,1.959229,1.635458
6204 * 4138,3,1.000000,4,3.550748,2,2,3.411929,2.419536,1.643318
6204 * 4138,3,1.000000,4,3.568127,2,2,3.422257,2.439888,1.629139
6204 * 4138,3,1.000000,4,3.528667,2,2,3.419019,2.439153,1.619646
6204 * 4138,3,1.000000,4,3.539314,2,2,3.395667,2.427239,1.614249
6204 * 4138,5,1.000000,4,3.563248,2,2,3.494269,3.068464,1.772537
6204 * 4138,5,1.000000,4,3.573091,2,2,3.583861,3.058560,1.804184
8000 * 8000,3,1.000000,4,3.526385,2,2,2.602247,1.537240,1.721412
8000 * 8000,3,1.000000,4,3.593031,2,2,2.822586,2.522085,1.697280
8000 * 8000,3,1.000000,4,3.619261,2,2,2.876344,2.565805,1.721648
8000 * 8000,3,1.000000,4,3.548111,2,2,2.767431,2.530539,1.659969
8000 * 8000,3,1.000000,4,3.571305,2,2,2.823655,2.522213,1.643601
8000 * 8000,5,1.000000,4,3.571818,2,2,3.475328,2.957994,1.810767
8000 * 8000,5,1.000000,4,3.600456,2,2,3.584377,3.103620,1.813970
16800 * 12600,3,1.000000,4,3.730350,2,2,2.726531,2.406439,1.625940
16800 * 12600,3,1.000000,4,3.537324,2,2,3.256480,2.526147,1.677189
16800 * 12600,3,1.000000,4,3.575510,2,2,3.487365,2.591584,1.699209
16800 * 12600,3,1.000000,4,3.589202,2,2,3.448226,2.553155,1.689843
16800 * 12600,3,1.000000,4,3.550773,2,2,3.409489,2.485215,1.677247
16800 * 12600,5,1.000000,4,3.606295,2,2,3.563319,3.171464,1.798746
16800 * 12600,5,1.000000,4,3.503778,2,2,3.567919,3.120428,1.782398
6204 * 4138,3,1.000000,8,5.687115,2,4,4.341088,3.256719,2.055388
6204 * 4138,3,1.000000,8,5.724512,2,4,5.715845,3.263521,2.902289
6204 * 4138,3,1.000000,8,5.745812,2,4,6.220564,3.601296,2.941037
6204 * 4138,3,1.000000,8,5.478745,2,4,6.004676,3.510796,2.901356
6204 * 4138,3,1.000000,8,5.241072,2,4,6.009559,3.050535,2.903489
6204 * 4138,5,1.000000,8,4.750722,2,4,6.862638,4.921859,3.491227
6204 * 4138,5,1.000000,8,6.054558,2,4,6.820298,4.947307,3.346086
8000 * 8000,3,1.000000,8,5.585617,2,4,5.915831,1.953377,3.029838
8000 * 8000,3,1.000000,8,5.647393,2,4,6.129416,3.139005,2.951350
8000 * 8000,3,1.000000,8,5.772453,2,4,4.529872,3.673642,2.953000
8000 * 8000,3,1.000000,8,5.857080,2,4,5.945205,3.628364,2.951632
8000 * 8000,3,1.000000,8,6.062394,2,4,6.094184,3.717448,2.949658
8000 * 8000,5,1.000000,8,5.987624,2,4,6.614967,5.053775,3.352803
8000 * 8000,5,1.000000,8,6.303585,2,4,6.689976,4.851041,3.353210
16800 * 12600,3,1.000000,8,6.118161,2,4,5.232120,2.425171,2.964041
16800 * 12600,3,1.000000,8,6.072280,2,4,6.124971,3.660644,3.065507
16800 * 12600,3,1.000000,8,6.158728,2,4,6.190588,3.645817,3.069142
16800 * 12600,3,1.000000,8,6.159331,2,4,6.266308,3.704818,3.080810
16800 * 12600,3,1.000000,8,6.098498,2,4,5.932427,3.674963,3.067197
16800 * 12600,5,1.000000,8,6.112564,2,4,6.606418,5.222135,3.406788
16800 * 12600,5,1.000000,8,6.160257,2,4,6.695496,5.262717,3.416418
6204 * 4138,3,1.000000,4,3.478327,4,1,2.785004,2.549134,2.715763
6204 * 4138,3,1.000000,4,3.586489,4,1,3.469793,2.736543,2.695382
6204 * 4138,3,1.000000,4,3.576178,4,1,3.486060,2.706196,2.689153
6204 * 4138,3,1.000000,4,3.516719,4,1,3.492557,2.744510,2.684662
6204 * 4138,3,1.000000,4,3.316510,4,1,3.445483,2.632920,2.693353
6204 * 4138,5,1.000000,4,3.543984,4,1,3.583809,3.219851,2.822767
6204 * 4138,5,1.000000,4,3.582287,4,1,3.659528,3.185895,2.797075
8000 * 8000,3,1.000000,4,3.506802,4,1,3.350266,2.856381,2.677041
8000 * 8000,3,1.000000,4,3.573422,4,1,3.486144,2.788863,2.678509
8000 * 8000,3,1.000000,4,3.588674,4,1,3.484589,2.792349,2.687343
8000 * 8000,3,1.000000,4,3.569635,4,1,3.450745,2.790531,2.690382
8000 * 8000,3,1.000000,4,3.747765,4,1,3.178299,2.934622,2.829859
8000 * 8000,5,1.000000,4,3.597749,4,1,3.589803,3.315306,2.809945
8000 * 8000,5,1.000000,4,3.601510,4,1,3.674568,3.322663,2.540561
16800 * 12600,3,1.000000,4,3.678229,4,1,3.326569,2.868541,2.656453
16800 * 12600,3,1.000000,4,3.432033,4,1,3.534049,2.867198,2.641333
16800 * 12600,3,1.000000,4,3.582376,4,1,3.486229,2.823214,2.669992
16800 * 12600,3,1.000000,4,3.629722,4,1,3.515193,2.865718,2.744009
16800 * 12600,3,1.000000,4,3.560617,4,1,3.514909,2.844077,2.683473
16800 * 12600,5,1.000000,4,3.590027,4,1,3.537790,3.306907,2.783444
16800 * 12600,5,1.000000,4,3.621629,4,1,3.699753,3.383723,2.748383
6204 * 4138,3,1.000000,8,4.729873,4,2,3.298698,3.143013,4.894877
6204 * 4138,3,1.000000,8,4.889384,4,2,5.984883,3.698683,4.843170
6204 * 4138,3,1.000000,8,4.304850,4,2,6.374550,3.582296,5.241748
6204 * 4138,3,1.000000,8,5.011361,4,2,7.087133,4.394532,5.810752
6204 * 4138,3,1.000000,8,3.805058,4,2,5.904773,4.128879,4.931170
6204 * 4138,5,1.000000,8,4.025817,4,2,6.450727,5.590554,5.246297
6204 * 4138,5,1.000000,8,4.630238,4,2,6.826088,5.573335,5.242474
8000 * 8000,3,1.000000,8,4.886590,4,2,5.132278,4.180046,4.729510
8000 * 8000,3,1.000000,8,5.034726,4,2,6.099307,4.399282,5.014330
8000 * 8000,3,1.000000,8,4.262438,4,2,6.554642,4.369299,5.079945
8000 * 8000,3,1.000000,8,4.999865,4,2,6.484708,4.395331,5.121006
8000 * 8000,3,1.000000,8,6.278857,4,2,6.112786,4.633704,5.253145
8000 * 8000,5,1.000000,8,5.368153,4,2,6.635521,5.605450,5.466252
8000 * 8000,5,1.000000,8,4.997908,4,2,6.033360,5.590054,5.286005
16800 * 12600,3,1.000000,8,4.920466,4,2,4.571197,4.469284,4.891077
16800 * 12600,3,1.000000,8,4.925946,4,2,5.744337,4.402410,5.038199
16800 * 12600,3,1.000000,8,4.747760,4,2,4.972929,4.317755,4.911040
16800 * 12600,3,1.000000,8,5.086374,4,2,6.047929,4.394319,5.014823
16800 * 12600,3,1.000000,8,4.462213,4,2,6.241465,3.965039,4.872759
16800 * 12600,5,1.000000,8,5.097998,4,2,6.514128,5.666071,5.266027
16800 * 12600,5,1.000000,8,5.182939,4,2,6.467760,5.740422,5.297762
6204 * 4138,3,1.000000,8,3.420482,8,1,4.175611,3.727169,5.783708
6204 * 4138,3,1.000000,8,5.793482,8,1,5.907359,4.253546,6.438073
6204 * 4138,3,1.000000,8,4.901075,8,1,8.083901,5.710665,7.881244
6204 * 4138,3,1.000000,8,3.433796,8,1,6.274490,4.279254,6.180309
6204 * 4138,3,1.000000,8,4.706627,8,1,8.580230,5.730708,8.498747
6204 * 4138,5,1.000000,8,2.990559,8,1,6.863132,5.891197,6.619393
6204 * 4138,5,1.000000,8,4.004435,8,1,6.779969,5.697827,6.267844
8000 * 8000,3,1.000000,8,5.348690,8,1,5.391608,4.823775,6.457454
8000 * 8000,3,1.000000,8,3.936448,8,1,6.516350,4.818046,6.211378
8000 * 8000,3,1.000000,8,3.872863,8,1,6.567954,4.912572,6.472905
8000 * 8000,3,1.000000,8,3.768918,8,1,6.458757,4.734847,6.219546
8000 * 8000,3,1.000000,8,4.207600,8,1,7.123938,5.357140,6.882870
8000 * 8000,5,1.000000,8,4.154248,8,1,6.531158,6.378014,6.782322
8000 * 8000,5,1.000000,8,4.220153,8,1,7.289410,6.353566,6.711875
16800 * 12600,3,1.000000,8,4.186408,8,1,2.973001,5.028704,6.181378
16800 * 12600,3,1.000000,8,4.566496,8,1,5.163861,5.583198,7.205452
16800 * 12600,3,1.000000,8,4.030327,8,1,6.068231,4.821909,6.206280
16800 * 12600,3,1.000000,8,4.086220,8,1,6.265715,4.834146,6.207796
16800 * 12600,3,1.000000,8,4.009477,8,1,6.827275,5.131725,6.732821
16800 * 12600,5,1.000000,8,4.206438,8,1,6.282411,6.387898,6.715246
16800 * 12600,5,1.000000,8,3.984143,8,1,7.147916,6.379295,6.715602
6204 * 4138,3,1.000000,2,1.815589,2,1,1.582598,1.257207,0.922541
6204 * 4138,3,1.000000,2,1.846982,2,1,1.874563,1.466806,0.970813
6204 * 4138,3,1.000000,2,1.948182,2,1,1.989309,1.621840,1.037378
6204 * 4138,3,1.000000,2,1.815787,2,1,1.791886,1.456086,0.952416
6204 * 4138,3,1.000000,2,1.783162,2,1,1.806590,1.470216,0.946113
6204 * 4138,5,1.000000,2,1.785023,2,1,1.833678,1.683925,0.981222
6204 * 4138,5,1.000000,2,1.788826,2,1,1.777881,1.694027,0.981152
8000 * 8000,3,1.000000,2,1.788508,2,1,1.728687,1.434321,0.941041
8000 * 8000,3,1.000000,2,1.769570,2,1,1.800226,1.415986,0.956858
8000 * 8000,3,1.000000,2,1.860263,2,1,1.850118,1.584298,0.998202
8000 * 8000,3,1.000000,2,1.698644,2,1,1.793717,1.505093,0.954850
8000 * 8000,3,1.000000,2,1.891996,2,1,1.989731,1.587462,1.028290
8000 * 8000,5,1.000000,2,1.995677,2,1,2.267928,1.975976,1.089619
8000 * 8000,5,1.000000,2,2.028590,2,1,2.161494,1.755809,1.174030
16800 * 12600,3,1.000000,2,1.791852,2,1,1.653401,1.494881,0.922925
16800 * 12600,3,1.000000,2,1.968670,2,1,2.030555,1.737789,1.115515
16800 * 12600,3,1.000000,2,2.059847,2,1,2.119904,1.863656,1.187704
16800 * 12600,3,1.000000,2,2.029328,2,1,2.071174,1.745243,1.136020
16800 * 12600,3,1.000000,2,2.065391,2,1,2.066053,1.808371,1.179728
16800 * 12600,5,1.000000,2,1.948396,2,1,2.020327,1.869899,0.957870
16800 * 12600,5,1.000000,2,1.934241,2,1,1.949479,1.882447,0.963414
6204 * 4138,3,1.000000,4,3.609620,2,2,2.860298,2.164435,1.761338
6204 * 4138,3,1.000000,4,3.937941,2,2,3.813728,2.552018,1.831189
6204 * 4138,3,1.000000,4,3.668507,2,2,3.508368,2.408411,1.704639
6204 * 4138,3,1.000000,4,3.828741,2,2,3.682242,2.496342,1.782440
6204 * 4138,3,1.000000,4,3.876127,2,2,3.706863,2.537347,1.784461
6204 * 4138,5,1.000000,4,3.851996,2,2,3.836979,3.191630,1.922944
6204 * 4138,5,1.000000,4,4.117337,2,2,4.176705,3.486954,2.051164
8000 * 8000,3,1.000000,4,3.580896,2,2,2.961233,2.512347,1.715475
8000 * 8000,3,1.000000,4,3.935349,2,2,3.738009,2.683138,1.820931
8000 * 8000,3,1.000000,4,3.838153,2,2,3.753449,2.675566,1.824720
8000 * 8000,3,1.000000,4,3.918480,2,2,3.713295,2.712748,1.836533
8000 * 8000,3,1.000000,4,3.953614,2,2,3.736166,2.736071,1.788187
8000 * 8000,5,1.000000,4,4.216687,2,2,4.097411,3.601090,1.810291
8000 * 8000,5,1.000000,4,3.914744,2,2,3.819736,3.393256,1.896354
16800 * 12600,3,1.000000,4,3.559128,2,2,3.240308,2.458967,1.792424
16800 * 12600,3,1.000000,4,4.051304,2,2,4.023153,3.125839,2.178006
16800 * 12600,3,1.000000,4,4.485139,2,2,4.052712,2.979245,2.209755
16800 * 12600,3,1.000000,4,4.175687,2,2,4.253956,2.963402,2.162571
16800 * 12600,3,1.000000,4,4.251357,2,2,4.242991,3.168502,2.252430
16800 * 12600,5,1.000000,4,3.876865,2,2,3.871689,3.372471,2.020973
16800 * 12600,5,1.000000,4,3.951920,2,2,3.958327,3.417696,2.051341
6204 * 4138,3,1.000000,8,5.120046,2,4,3.718814,2.394080,2.944725
6204 * 4138,3,1.000000,8,6.015263,2,4,6.770723,3.580914,3.017792
6204 * 4138,3,1.000000,8,6.032284,2,4,6.814379,3.554546,3.244858
6204 * 4138,3,1.000000,8,6.515196,2,4,6.752145,3.668140,3.229898
6204 * 4138,3,1.000000,8,5.594673,2,4,6.429892,3.556684,3.070961
6204 * 4138,5,1.000000,8,6.623767,2,4,7.314564,5.581061,3.716522
6204 * 4138,5,1.000000,8,6.495305,2,4,7.532296,5.286312,3.657293
8000 * 8000,3,1.000000,8,6.156652,2,4,4.858028,3.780329,3.118978
8000 * 8000,3,1.000000,8,6.417615,2,4,7.052612,3.994008,3.409125
8000 * 8000,3,1.000000,8,7.012182,2,4,7.191481,3.823114,3.365972
8000 * 8000,3,1.000000,8,6.385053,2,4,6.994120,4.017341,3.229728
8000 * 8000,3,1.000000,8,6.718266,2,4,6.959884,4.034795,3.394240
8000 * 8000,5,1.000000,8,7.077612,2,4,7.363704,5.752952,3.935693
8000 * 8000,5,1.000000,8,7.344135,2,4,8.077210,6.253994,4.193408
16800 * 12600,3,1.000000,8,6.193269,2,4,5.607996,3.767067,3.209342
16800 * 12600,3,1.000000,8,6.991844,2,4,7.410238,4.555965,3.841011
16800 * 12600,3,1.000000,8,7.344019,2,4,7.357923,4.592979,3.961061
16800 * 12600,3,1.000000,8,7.544356,2,4,7.513063,4.671947,4.036360
16800 * 12600,3,1.000000,8,7.273003,2,4,7.455429,4.613836,4.020309
16800 * 12600,5,1.000000,8,7.219701,2,4,7.961566,6.104931,4.322944
16800 * 12600,5,1.000000,8,7.210175,2,4,7.602652,6.026351,4.255226
6204 * 4138,3,1.000000,4,3.595198,4,1,2.648530,2.788605,2.794943
6204 * 4138,3,1.000000,4,3.961578,4,1,3.871859,3.059965,3.026875
6204 * 4138,3,1.000000,4,3.458741,4,1,3.531656,2.769823,2.756058
6204 * 4138,3,1.000000,4,3.389364,4,1,3.209903,2.872349,2.835993
6204 * 4138,3,1.000000,4,3.847316,4,1,3.843700,3.022570,2.976529
6204 * 4138,5,1.000000,4,3.742432,4,1,3.677648,3.383788,2.942095
6204 * 4138,5,1.000000,4,4.220234,4,1,4.105667,3.801076,3.285674
8000 * 8000,3,1.000000,4,3.557873,4,1,3.195323,2.936566,2.853306
8000 * 8000,3,1.000000,4,3.900459,4,1,3.705089,3.161559,3.032319
8000 * 8000,3,1.000000,4,3.536680,4,1,3.558795,2.924408,2.773982
8000 * 8000,3,1.000000,4,3.594374,4,1,3.520492,2.877422,2.741857
8000 * 8000,3,1.000000,4,3.640500,4,1,3.551730,2.604900,2.749451
8000 * 8000,5,1.000000,4,3.628058,4,1,3.629053,3.332097,2.844382
8000 * 8000,5,1.000000,4,3.625856,4,1,3.622336,3.279203,2.834077
16800 * 12600,3,1.000000,4,3.504980,4,1,3.175022,2.960963,2.812957
16800 * 12600,3,1.000000,4,3.682495,4,1,3.400740,2.865343,2.840352
16800 * 12600,3,1.000000,4,3.854631,4,1,3.796105,3.052906,3.024808
16800 * 12600,3,1.000000,4,4.046430,4,1,3.844479,3.131690,3.095225
16800 * 12600,3,1.000000,4,3.748712,4,1,3.670463,2.964145,2.966980
16800 * 12600,5,1.000000,4,3.704266,4,1,3.855853,3.475477,3.176766
16800 * 12600,5,1.000000,4,3.473941,4,1,3.552139,3.220352,2.890048
6204 * 4138,3,1.000000,8,4.932523,4,2,3.874583,4.398762,5.126499
6204 * 4138,3,1.000000,8,4.808757,4,2,6.263368,4.077064,4.957960
6204 * 4138,3,1.000000,8,5.190332,4,2,6.356031,4.406390,5.046778
6204 * 4138,3,1.000000,8,5.492431,4,2,6.791426,4.495714,5.373983
6204 * 4138,3,1.000000,8,5.099123,4,2,6.599942,4.051163,5.334734
6204 * 4138,5,1.000000,8,5.491394,4,2,6.960606,5.846103,5.664162
6204 * 4138,5,1.000000,8,5.424039,4,2,7.486962,6.185196,5.847121
8000 * 8000,3,1.000000,8,4.959349,4,2,5.741992,4.460487,5.098794
8000 * 8000,3,1.000000,8,6.068146,4,2,6.978287,4.853526,5.551316
8000 * 8000,3,1.000000,8,6.388319,4,2,7.171357,4.875819,5.580866
8000 * 8000,3,1.000000,8,5.598740,4,2,6.551559,4.589566,5.202810
8000 * 8000,3,1.000000,8,3.768783,4,2,6.901774,4.636191,5.483136
8000 * 8000,5,1.000000,8,5.574816,4,2,7.482634,6.603409,6.100918
8000 * 8000,5,1.000000,8,5.550606,4,2,8.104480,7.024437,6.539066
16800 * 12600,3,1.000000,8,5.359168,4,2,5.867656,4.930081,5.341662
16800 * 12600,3,1.000000,8,5.995762,4,2,7.363928,5.097000,5.877442
16800 * 12600,3,1.000000,8,5.888530,4,2,6.915264,5.070781,6.115140
16800 * 12600,3,1.000000,8,5.740362,4,2,6.896681,5.012849,6.018799
16800 * 12600,3,1.000000,8,6.070685,4,2,6.976719,5.122868,6.242377
16800 * 12600,5,1.000000,8,6.223133,4,2,7.982338,6.655416,6.665843
16800 * 12600,5,1.000000,8,5.908944,4,2,7.463910,6.450477,6.675055
6204 * 4138,3,1.000000,8,3.119335,8,1,3.525495,4.549542,6.340495
6204 * 4138,3,1.000000,8,3.086527,8,1,6.605034,4.208022,6.291519
6204 * 4138,3,1.000000,8,2.925696,8,1,6.575218,4.590575,6.252429
6204 * 4138,3,1.000000,8,3.815694,8,1,6.864546,4.925177,5.623167
6204 * 4138,3,1.000000,8,3.334528,8,1,6.919335,4.967390,6.647925
6204 * 4138,5,1.000000,8,4.249869,8,1,7.765697,6.384959,7.452502
6204 * 4138,5,1.000000,8,5.278895,8,1,8.402762,7.174948,7.569591
8000 * 8000,3,1.000000,8,3.487929,8,1,5.251359,5.147343,6.450930
8000 * 8000,3,1.000000,8,3.743956,8,1,7.128712,5.457449,7.068763
8000 * 8000,3,1.000000,8,4.463443,8,1,6.658227,5.170878,6.539038
8000 * 8000,3,1.000000,8,4.019980,8,1,6.143387,5.232195,6.835581
8000 * 8000,3,1.000000,8,4.031257,8,1,7.240406,5.437410,7.002788
8000 * 8000,5,1.000000,8,4.674864,8,1,7.570736,7.399891,7.885146
8000 * 8000,5,1.000000,8,4.365226,8,1,7.372786,6.631110,7.142884
16800 * 12600,3,1.000000,8,4.279177,8,1,5.524094,5.504595,5.672872
16800 * 12600,3,1.000000,8,4.567296,8,1,7.300466,5.527159,7.352173
16800 * 12600,3,1.000000,8,4.596630,8,1,7.393799,5.904198,7.932061
16800 * 12600,3,1.000000,8,4.324162,8,1,6.760396,5.604409,7.374470
16800 * 12600,3,1.000000,8,5.099953,8,1,7.563155,6.130266,8.109261
16800 * 12600,5,1.000000,8,4.451631,8,1,7.194219,6.946868,7.809249
16800 * 12600,5,1.000000,8,4.458008,8,1,7.939850,6.891376,7.867596
