Width * Height,Kernel Size,Serial Time,Threads,Multithreaded Time,Clusters,Threads,Distributed Time,Shared Time,Task Pool Time
6204 * 4138,3,0.262946,2,0.150243,2,1,0.158417,0.189525,0.289081
6204 * 4138,3,0.254846,2,0.138949,2,1,0.142806,0.169031,0.288828
6204 * 4138,3,0.254447,2,0.138882,2,1,0.138434,0.174168,0.311949
6204 * 4138,3,0.249555,2,0.139523,2,1,0.137479,0.170097,0.283088
6204 * 4138,3,0.251284,2,0.138902,2,1,0.137538,0.171991,0.284774
6204 * 4138,5,0.630217,2,0.341045,2,1,0.333610,0.380330,0.667480
6204 * 4138,5,0.627720,2,0.341419,2,1,0.333191,0.367522,0.667645
8000 * 8000,3,0.656599,2,0.356513,2,1,0.375758,0.430239,0.722521
8000 * 8000,3,0.649650,2,0.345589,2,1,0.354923,0.415885,0.712729
8000 * 8000,3,0.623868,2,0.345060,2,1,0.354038,0.420298,0.707896
8000 * 8000,3,0.628673,2,0.349183,2,1,0.346783,0.417698,0.731967
8000 * 8000,3,0.626677,2,0.347402,2,1,0.353959,0.419135,0.705349
8000 * 8000,5,1.553291,2,0.858977,2,1,0.854895,0.912285,1.661352
8000 * 8000,5,1.551064,2,0.856207,2,1,0.843487,0.904522,1.696686
16800 * 12600,3,2.196643,2,1.177233,2,1,1.532096,1.455279,2.358838
16800 * 12600,3,2.073501,2,1.152817,2,1,1.198303,1.366957,2.343876
16800 * 12600,3,2.076155,2,1.165114,2,1,1.143188,1.378160,2.335653
16800 * 12600,3,2.089416,2,1.173509,2,1,1.144327,1.394242,2.317070
16800 * 12600,3,2.073010,2,1.149489,2,1,1.140895,1.361281,2.314557
16800 * 12600,5,5.153554,2,2.830737,2,1,2.812368,3.079898,5.533289
16800 * 12600,5,5.172939,2,2.824163,2,1,2.765798,3.026722,5.574271
6204 * 4138,3,0.256659,4,0.072969,2,2,0.092322,0.131000,0.156934
6204 * 4138,3,0.250555,4,0.070564,2,2,0.073435,0.103555,0.152469
6204 * 4138,3,0.250718,4,0.070266,2,2,0.073261,0.102758,0.153896
6204 * 4138,3,0.249879,4,0.070814,2,2,0.073085,0.102445,0.154280
6204 * 4138,3,0.249826,4,0.070586,2,2,0.073572,0.102926,0.154763
6204 * 4138,5,0.618587,4,0.173602,2,2,0.177029,0.201595,0.348984
6204 * 4138,5,0.619499,4,0.173379,2,2,0.172858,0.202546,0.343368
8000 * 8000,3,0.638914,4,0.181181,2,2,0.245524,0.415624,0.371157
8000 * 8000,3,0.629129,4,0.175097,2,2,0.222891,0.249448,0.370669
8000 * 8000,3,0.636371,4,0.175829,2,2,0.221243,0.248020,0.369629
8000 * 8000,3,0.623325,4,0.175678,2,2,0.225236,0.246321,0.375504
8000 * 8000,3,0.625239,4,0.175073,2,2,0.221429,0.247893,0.380408
8000 * 8000,5,1.552787,4,0.434733,2,2,0.446803,0.524946,0.857530
8000 * 8000,5,1.552254,4,0.431127,2,2,0.433061,0.500143,0.855722
16800 * 12600,3,2.163170,4,0.579884,2,2,0.793378,0.898909,1.330412
16800 * 12600,3,2.071991,4,0.585751,2,2,0.636267,0.820218,1.235395
16800 * 12600,3,2.099704,4,0.587246,2,2,0.602089,0.810201,1.235695
16800 * 12600,3,2.081511,4,0.579937,2,2,0.603647,0.815270,1.231778
16800 * 12600,3,2.062328,4,0.580811,2,2,0.604879,0.829839,1.229591
16800 * 12600,5,5.170533,4,1.433752,2,2,1.451044,1.630330,2.874521
16800 * 12600,5,5.147333,4,1.469081,2,2,1.442671,1.649560,2.887869
6204 * 4138,3,0.262358,8,0.046132,2,4,0.060436,0.080559,0.127644
6204 * 4138,3,0.252949,8,0.044187,2,4,0.044254,0.077508,0.087155
6204 * 4138,3,0.253488,8,0.044117,2,4,0.040750,0.070388,0.086190
6204 * 4138,3,0.251710,8,0.045943,2,4,0.041919,0.071696,0.086756
6204 * 4138,3,0.250214,8,0.047741,2,4,0.041636,0.082023,0.086177
6204 * 4138,5,0.650084,8,0.136839,2,4,0.094728,0.132081,0.186205
6204 * 4138,5,0.623232,8,0.102936,2,4,0.091379,0.125974,0.186257
8000 * 8000,3,0.640229,8,0.114621,2,4,0.108223,0.327755,0.211308
8000 * 8000,3,0.623331,8,0.110375,2,4,0.101695,0.198576,0.211202
8000 * 8000,3,0.623777,8,0.108061,2,4,0.137703,0.169798,0.211235
8000 * 8000,3,0.625501,8,0.106794,2,4,0.105211,0.172392,0.211917
8000 * 8000,3,0.625245,8,0.103135,2,4,0.102597,0.168192,0.211972
8000 * 8000,5,1.544747,8,0.257990,2,4,0.233523,0.305662,0.460733
8000 * 8000,5,1.544227,8,0.244976,2,4,0.230827,0.318329,0.460522
16800 * 12600,3,2.139937,8,0.349768,2,4,0.409000,0.882386,0.721966
16800 * 12600,3,2.063227,8,0.339778,2,4,0.336855,0.563624,0.673046
16800 * 12600,3,2.061899,8,0.334793,2,4,0.333070,0.565552,0.671816
16800 * 12600,3,2.072738,8,0.336520,2,4,0.330775,0.559471,0.672790
16800 * 12600,3,2.065671,8,0.338718,2,4,0.348200,0.562093,0.673472
16800 * 12600,5,5.130868,8,0.839397,2,4,0.776649,0.982523,1.506072
16800 * 12600,5,5.122697,8,0.831572,2,4,0.765096,0.973394,1.499435
6204 * 4138,3,0.262158,4,0.075369,4,1,0.094132,0.102842,0.096532
6204 * 4138,3,0.256789,4,0.071599,4,1,0.074007,0.093837,0.095270
6204 * 4138,3,0.256201,4,0.071641,4,1,0.073493,0.094672,0.095272
6204 * 4138,3,0.256200,4,0.072852,4,1,0.073356,0.093350,0.095431
6204 * 4138,3,0.254635,4,0.076778,4,1,0.073904,0.096712,0.094542
6204 * 4138,5,0.632105,4,0.178360,4,1,0.176378,0.196315,0.223931
6204 * 4138,5,0.632553,4,0.176578,4,1,0.172851,0.198548,0.226148
8000 * 8000,3,0.652146,4,0.185966,4,1,0.194655,0.228312,0.243607
8000 * 8000,3,0.636162,4,0.178026,4,1,0.182483,0.228108,0.237506
8000 * 8000,3,0.636516,4,0.177368,4,1,0.182666,0.227950,0.236857
8000 * 8000,3,0.637494,4,0.178588,4,1,0.184741,0.228449,0.236953
8000 * 8000,3,0.671101,4,0.179067,4,1,0.211151,0.228684,0.237150
8000 * 8000,5,1.578228,4,0.438671,4,1,0.439642,0.476043,0.561658
8000 * 8000,5,1.582302,4,0.439344,4,1,0.430609,0.476215,0.622816
16800 * 12600,3,2.159492,4,0.587101,4,1,0.649165,0.752819,0.812923
16800 * 12600,3,2.143291,4,0.624496,4,1,0.606469,0.747521,0.811443
16800 * 12600,3,2.108848,4,0.588673,4,1,0.604908,0.746967,0.789833
16800 * 12600,3,2.137536,4,0.588898,4,1,0.608085,0.745899,0.778983
16800 * 12600,3,2.104492,4,0.591047,4,1,0.598733,0.739956,0.784242
16800 * 12600,5,5.225532,4,1.455569,4,1,1.477061,1.580187,1.877362
16800 * 12600,5,5.255118,4,1.451037,4,1,1.420397,1.553058,1.912076
6204 * 4138,3,0.262385,8,0.055474,4,2,0.079542,0.083482,0.053604
6204 * 4138,3,0.257739,8,0.052714,4,2,0.043065,0.069684,0.053217
6204 * 4138,3,0.276324,8,0.064189,4,2,0.043348,0.077136,0.052716
6204 * 4138,3,0.310544,8,0.061968,4,2,0.043818,0.070666,0.053443
6204 * 4138,3,0.259562,8,0.068215,4,2,0.043958,0.062865,0.052637
6204 * 4138,5,0.636848,8,0.158191,4,2,0.098725,0.113915,0.121390
6204 * 4138,5,0.637857,8,0.137759,4,2,0.093444,0.114448,0.121671
8000 * 8000,3,0.656054,8,0.134256,4,2,0.127829,0.156949,0.138715
8000 * 8000,3,0.647350,8,0.128577,4,2,0.106135,0.147149,0.129100
8000 * 8000,3,0.682135,8,0.160034,4,2,0.104069,0.156120,0.134280
8000 * 8000,3,0.666842,8,0.133372,4,2,0.102833,0.151716,0.130217
8000 * 8000,3,0.685714,8,0.109210,4,2,0.112177,0.147984,0.130534
8000 * 8000,5,1.638602,8,0.305245,4,2,0.246944,0.292323,0.299767
8000 * 8000,5,1.576535,8,0.315439,4,2,0.261303,0.282025,0.298247
16800 * 12600,3,2.216729,8,0.450512,4,2,0.484934,0.495992,0.453219
16800 * 12600,3,2.108970,8,0.428135,4,2,0.367139,0.479049,0.418596
16800 * 12600,3,2.114733,8,0.445417,4,2,0.425249,0.489776,0.430608
16800 * 12600,3,2.108302,8,0.414500,4,2,0.348599,0.479779,0.420414
16800 * 12600,3,2.104179,8,0.471555,4,2,0.337129,0.530683,0.431825
16800 * 12600,5,5.241456,8,1.028140,4,2,0.804629,0.925060,0.995334
16800 * 12600,5,5.271464,8,1.017080,4,2,0.815037,0.918306,0.995036
6204 * 4138,3,0.284998,8,0.083321,8,1,0.068253,0.076465,0.049276
6204 * 4138,3,0.280700,8,0.048451,8,1,0.047517,0.065992,0.043600
6204 * 4138,3,0.342046,8,0.069790,8,1,0.042312,0.059896,0.043400
6204 * 4138,3,0.267218,8,0.077820,8,1,0.042588,0.062445,0.043237
6204 * 4138,3,0.369602,8,0.078528,8,1,0.043076,0.064495,0.043489
6204 * 4138,5,0.673788,8,0.225305,8,1,0.098175,0.114372,0.101790
6204 * 4138,5,0.640185,8,0.159869,8,1,0.094423,0.112356,0.102138
8000 * 8000,3,0.705535,8,0.131908,8,1,0.130858,0.146262,0.109259
8000 * 8000,3,0.665984,8,0.169184,8,1,0.102202,0.138227,0.107220
8000 * 8000,3,0.684788,8,0.176817,8,1,0.104262,0.139395,0.105793
8000 * 8000,3,0.662817,8,0.175864,8,1,0.102623,0.139987,0.106570
8000 * 8000,3,0.737121,8,0.175188,8,1,0.103471,0.137596,0.107095
8000 * 8000,5,1.704384,8,0.410275,8,1,0.260962,0.267228,0.251298
8000 * 8000,5,1.704541,8,0.403905,8,1,0.233838,0.268281,0.253959
16800 * 12600,3,2.252970,8,0.538163,8,1,0.757810,0.448022,0.364477
16800 * 12600,3,2.480347,8,0.543162,8,1,0.480328,0.444252,0.344232
16800 * 12600,3,2.175115,8,0.539687,8,1,0.358443,0.451090,0.350470
16800 * 12600,3,2.157054,8,0.527885,8,1,0.344263,0.446212,0.347475
16800 * 12600,3,2.341298,8,0.583941,8,1,0.342933,0.456240,0.347744
16800 * 12600,5,5.568886,8,1.323896,8,1,0.886425,0.871787,0.829290
16800 * 12600,5,5.532501,8,1.388630,8,1,0.774002,0.867259,0.823828
